movieId,title,year,genres,overview
1,Shattered Signal (2000),2000,Action,A story of rogue agent.
2,Last Frontier (2019),2019,Adventure,A story of treasure hunt.
3,Last Kingdom (1999),1999,Thriller|Action|War,"A story of elite soldier, hidden identity and front-line soldiers."
4,Forgotten Signal (1985),1985,Thriller|Horror|Animation,"A story of conspiracy unravels, whimsical adventure and possessed doll."
5,Distant Harbor (1991),1991,Horror,A story of haunted house.
6,Eternal Harbor (2023),2023,Comedy|Romance,A story of chaotic wedding and star-crossed lovers.
7,Endless Signal (2025),2025,Comedy|Thriller|Musical,"A story of double agent, small-town talent show and slapstick disaster."
8,Hidden Descent (2003),2003,Crime,A story of organized crime family.
9,Last Echo (2002),2002,War,A story of wartime romance.
10,Final Kingdom (2002),2002,Drama|Romance,A story of unexpected chemistry and coming of age.
11,Shattered Kingdom (1995),1995,Crime|Drama|Fantasy,"A story of broken relationship, corrupt officials and dragon rider."
12,Distant Horizon (1999),1999,War|Mystery,A story of front-line soldiers and cryptic clues.
13,Wandering Requiem (2005),2005,Comedy|Horror,A story of wisecracking best friend and possessed doll.
14,Crimson Legacy (2001),2001,Musical|Crime,A story of rival dance crews and undercover detective.
15,Final Kingdom 2 (1993),1993,Thriller|Documentary|Musical,"A story of expert interviews, Broadway dreams and hidden identity."
16,Broken Descent (2012),2012,Crime,A story of prison escape.
17,Lost Requiem (2014),2014,Thriller,A story of hidden identity.
18,Silent Frontier (1992),1992,Fantasy|War,A story of portal to another world and occupied homeland.
19,Lost Legacy (2014),2014,Comedy|Sci-Fi,A story of awkward misunderstanding and first contact.
20,Wandering Shadow (2025),2025,Mystery|Drama|Fantasy,"A story of coming of age, cryptic clues and mythical creatures."
21,Distant Legacy (2019),2019,Romance,A story of long-distance romance.
22,Final Voyage (1986),1986,Documentary,A story of untold true story.
23,Distant Signal (2000),2000,Musical|War,A story of battle for survival and Broadway dreams.
24,Crimson Covenant (1989),1989,Adventure,A story of lost city.
25,Midnight Voyage (2020),2020,Drama,A story of personal redemption.
26,Forgotten Echo (1998),1998,Fantasy|War,A story of final stand and mythical creatures.
27,Midnight Harbor (2013),2013,Thriller|Crime,A story of corrupt officials and hidden identity.
28,Last Harbor (1986),1986,Horror,A story of creeping dread.
29,Silent Shadow (2025),2025,Horror|Documentary|Musical,"A story of Broadway dreams, investigative journey and haunted house."
30,Hidden Signal (2016),2016,Fantasy,A story of hidden kingdom.
31,Forgotten Voyage (2000),2000,Drama|Adventure|Documentary,"A story of survival in the wild, investigative journey and broken relationship."
32,Lost Voyage (1988),1988,Romance|Thriller,A story of high-stakes negotiation and unexpected chemistry.
33,Shattered Harbor (1991),1991,Thriller,A story of conspiracy unravels.
34,Endless Voyage (1993),1993,Horror,A story of isolated cabin.
35,Crimson Kingdom (1989),1989,Sci-Fi,A story of colony on Mars.
36,Endless Covenant (1985),1985,Comedy|Action|Crime,"A story of awkward misunderstanding, undercover detective and rogue agent."
37,Lost Symphony (1988),1988,Horror|War,A story of wartime romance and ancient curse.
38,Distant Voyage (2003),2003,Sci-Fi|Mystery,A story of colony on Mars and cold case reopened.
39,Golden Kingdom (1988),1988,Horror,A story of creeping dread.
40,Silent Horizon (2022),2022,Action|Adventure|Romance,"A story of lost city, long-distance romance and relentless pursuit."
41,Last Requiem (1989),1989,Comedy|War|Drama,"A story of battle for survival, broken relationship and unlikely roommates."
42,Last Echo 2 (2022),2022,Documentary|Action|Musical,"A story of aspiring singer, historical reckoning and elite soldier."
43,Lost Legacy 2 (2004),2004,Horror|Sci-Fi,A story of time-traveling scientist and isolated cabin.
44,Forgotten Requiem (1991),1991,Animation,A story of talking animals.
45,Broken Symphony (2007),2007,Horror|Fantasy|Sci-Fi,"A story of time-traveling scientist, haunted house and hidden kingdom."
46,Shattered Signal 2 (2024),2024,War|Fantasy,A story of mythical creatures and final stand.
47,Wandering Legacy (2001),2001,Sci-Fi|Crime|Comedy,"A story of organized crime family, distant galaxy and unlikely roommates."
48,Hidden Ascension (2006),2006,Sci-Fi|Documentary,A story of rogue artificial intelligence and behind-the-scenes look.
49,Last Frontier 2 (2012),2012,Animation|Sci-Fi|Action,"A story of explosive chase, young hero's journey and distant galaxy."
50,Crimson Reckoning (2012),2012,Drama|Adventure,A story of treasure hunt and quiet sacrifice.
51,Shattered Symphony (1994),1994,Musical,A story of small-town talent show.
52,Final Requiem (2020),2020,War,A story of battle for survival.
53,Golden Harbor (1987),1987,Drama|Action,A story of rogue agent and difficult choice.
54,Distant Reckoning (2011),2011,Romance,A story of long-distance romance.
55,Wandering Kingdom (1995),1995,Musical,A story of rival dance crews.
56,Shattered Symphony 2 (2006),2006,Action|Drama,A story of coming of age and relentless pursuit.
57,Shattered Shadow (2009),2009,Drama|Mystery,A story of small-town secret and family secret.
58,Wandering Voyage (2007),2007,War,A story of resistance fighters.
59,Silent Frontier 2 (1997),1997,Horror,A story of isolated cabin.
60,Last Descent (2002),2002,Sci-Fi|War,A story of time-traveling scientist and final stand.
61,Wandering Signal (1996),1996,Romance|Action|Comedy,"A story of awkward misunderstanding, high-stakes heist and long-distance romance."
62,Final Echo (2023),2023,Adventure|Mystery,A story of lost city and locked-room puzzle.
63,Shattered Echo (1985),1985,Horror|Sci-Fi|Action,"A story of dystopian future, creeping dread and daring escape."
64,Midnight Symphony (2006),2006,Thriller|Comedy,A story of chaotic wedding and hidden identity.
65,Midnight Echo (2005),2005,Fantasy|Sci-Fi,A story of cursed sword and first contact.
66,Midnight Echo 2 (1996),1996,Drama|Horror|Thriller,"A story of double agent, quiet sacrifice and creeping dread."
67,Lost Descent (2022),2022,Sci-Fi|Horror,A story of dystopian future and possessed doll.
68,Midnight Kingdom (2017),2017,Animation|Musical,A story of band on the rise and whimsical adventure.
69,Endless Frontier (2025),2025,Sci-Fi,A story of dystopian future.
70,Distant Kingdom (2004),2004,Comedy|War,A story of battle for survival and wisecracking best friend.
71,Hidden Voyage (2024),2024,Action,A story of explosive chase.
72,Forgotten Kingdom (2009),2009,Thriller|Crime,A story of corrupt officials and race against time.
73,Shattered Horizon (1991),1991,Crime,A story of corrupt officials.
74,Distant Ascension (2018),2018,Drama,A story of broken relationship.
75,Hidden Symphony (1992),1992,Fantasy,A story of cursed sword.
76,Crimson Frontier (2018),2018,Mystery,A story of unreliable narrator.
77,Forgotten Covenant (2017),2017,Romance|Mystery|Animation,"A story of whimsical adventure, unreliable narrator and forbidden affair."
78,Hidden Covenant (2025),2025,Sci-Fi|Mystery,A story of time-traveling scientist and unreliable narrator.
79,Crimson Shadow (2003),2003,Sci-Fi,A story of rogue artificial intelligence.
80,Wandering Reckoning (1990),1990,Romance|Musical,A story of rival dance crews and second chance at love.
81,Shattered Kingdom 2 (1989),1989,Adventure|Drama,A story of survival in the wild and broken relationship.
82,Hidden Covenant 2 (2011),2011,Animation|Thriller|Action,"A story of daring escape, hidden identity and whimsical adventure."
83,Golden Descent (2009),2009,Action|Romance,A story of long-distance romance and relentless pursuit.
84,Lost Voyage 2 (1986),1986,Horror|Sci-Fi,A story of isolated cabin and time-traveling scientist.
85,Crimson Symphony (1993),1993,War,A story of occupied homeland.
86,Forgotten Frontier (1986),1986,Action|Thriller|Documentary,"A story of expert interviews, high-stakes negotiation and explosive chase."
87,Golden Echo (2005),2005,Action,A story of rogue agent.
88,Distant Symphony (2009),2009,Romance|Musical,A story of childhood sweethearts and big city audition.
89,Silent Ascension (2019),2019,Animation,A story of talking animals.
90,Last Descent 2 (1987),1987,Horror|Crime,A story of undercover detective and haunted house.
91,Broken Kingdom (1993),1993,Documentary,A story of expert interviews.
92,Hidden Voyage 2 (2001),2001,Documentary,A story of archival footage.
93,Forgotten Ascension (1992),1992,Documentary,A story of investigative journey.
94,Silent Symphony (2004),2004,Comedy|Documentary,A story of slapstick disaster and behind-the-scenes look.
95,Last Requiem 2 (2025),2025,Adventure|Horror,A story of uncharted island and haunted house.
96,Forgotten Descent (1987),1987,Mystery|Comedy|Musical,"A story of cryptic clues, slapstick disaster and big city audition."
97,Midnight Harbor 2 (1985),1985,Fantasy,A story of cursed sword.
98,Final Frontier (2014),2014,Comedy|Thriller,A story of unlikely roommates and conspiracy unravels.
99,Endless Frontier 2 (2002),2002,Adventure,A story of lost city.
100,Lost Covenant (2022),2022,Mystery|Animation|War,"A story of battle for survival, young hero's journey and cryptic clues."
101,Crimson Requiem (2024),2024,Horror|Mystery,A story of possessed doll and small-town secret.
102,Eternal Harbor 2 (1996),1996,Animation,A story of whimsical adventure.
103,Distant Signal 2 (2006),2006,Romance,A story of childhood sweethearts.
104,Silent Reckoning (1997),1997,Adventure|Sci-Fi|Fantasy,"A story of treasure hunt, portal to another world and rogue artificial intelligence."
105,Crimson Frontier 2 (2016),2016,Mystery|Horror|Adventure,"A story of treasure hunt, small-town secret and haunted house."
106,Golden Frontier (2022),2022,Adventure|Horror,A story of epic voyage and isolated cabin.
107,Final Harbor (2014),2014,Adventure|Fantasy,A story of epic voyage and dragon rider.
108,Shattered Kingdom 3 (2005),2005,Comedy,A story of awkward misunderstanding.
109,Hidden Kingdom (2015),2015,Mystery|Adventure|Drama,"A story of cryptic clues, perilous expedition and quiet sacrifice."
110,Hidden Signal 2 (1999),1999,War,A story of resistance fighters.
111,Silent Ascension 2 (2019),2019,Sci-Fi,A story of rogue artificial intelligence.
112,Endless Signal 2 (1993),1993,Action|Musical,A story of big city audition and daring escape.
113,Golden Voyage (2015),2015,Documentary,A story of expert interviews.
114,Golden Covenant (2015),2015,Drama|Action,A story of family secret and explosive chase.
115,Midnight Frontier (1988),1988,Comedy|Documentary,A story of wisecracking best friend and investigative journey.
116,Last Reckoning (2011),2011,Horror,A story of creeping dread.
117,Distant Reckoning 2 (2009),2009,Mystery|Documentary|Horror,"A story of small-town secret, expert interviews and sinister entity."
118,Silent Requiem (1991),1991,Documentary|Musical,A story of band on the rise and investigative journey.
119,Broken Kingdom 2 (1996),1996,Crime|Comedy,A story of awkward misunderstanding and prison escape.
120,Crimson Ascension (2023),2023,Thriller,A story of race against time.
121,Golden Ascension (2003),2003,Action|Horror,A story of isolated cabin and daring escape.
122,Golden Descent 2 (2025),2025,Musical,A story of small-town talent show.
123,Last Reckoning 2 (1999),1999,Thriller,A story of high-stakes negotiation.
124,Golden Covenant 2 (1994),1994,Musical,A story of Broadway dreams.
125,Distant Signal 3 (2023),2023,Drama,A story of coming of age.
126,Last Voyage (2004),2004,Musical|Sci-Fi|Animation,"A story of band on the rise, colony on Mars and young hero's journey."
127,Silent Symphony 2 (2012),2012,Comedy|Documentary,A story of unlikely roommates and archival footage.
128,Hidden Frontier (2021),2021,Comedy,A story of slapstick disaster.
129,Midnight Covenant (2002),2002,Mystery,A story of unreliable narrator.
130,Distant Legacy 2 (2015),2015,Mystery,A story of unreliable narrator.
131,Broken Requiem (2012),2012,Musical|Sci-Fi,A story of colony on Mars and band on the rise.
132,Final Harbor 2 (1991),1991,Romance|Thriller,A story of second chance at love and double agent.
133,Lost Covenant 2 (2020),2020,Sci-Fi|Crime,A story of corrupt officials and distant galaxy.
134,Last Descent 3 (2010),2010,Sci-Fi|Romance,A story of dystopian future and star-crossed lovers.
135,Endless Harbor (2024),2024,Action|Horror,A story of relentless pursuit and possessed doll.
136,Golden Reckoning (1993),1993,Horror,A story of sinister entity.
137,Crimson Shadow 2 (1986),1986,Musical|Adventure,A story of lost city and band on the rise.
138,Endless Horizon (2020),2020,Sci-Fi,A story of colony on Mars.
139,Eternal Symphony (1992),1992,Horror,A story of isolated cabin.
140,Eternal Legacy (2016),2016,Crime,A story of underworld rivalry.
141,Golden Echo 2 (2015),2015,Fantasy|Adventure,A story of cursed sword and uncharted island.
142,Wandering Requiem 2 (2017),2017,Drama|Thriller|Horror,"A story of coming of age, haunted house and conspiracy unravels."
143,Endless Signal 3 (1985),1985,Musical|Mystery,A story of aspiring singer and cold case reopened.
144,Eternal Legacy 2 (2013),2013,Documentary|Crime|Animation,"A story of historical reckoning, young hero's journey and corrupt officials."
145,Eternal Kingdom (2000),2000,Musical|Romance,A story of forbidden affair and small-town talent show.
146,Shattered Voyage (2009),2009,Action|Romance,A story of unexpected chemistry and relentless pursuit.
147,Endless Requiem (2006),2006,Action|Drama,A story of broken relationship and explosive chase.
148,Shattered Legacy (2011),2011,Musical|Animation|Action,"A story of band on the rise, explosive chase and magical kingdom."
149,Lost Frontier (1990),1990,Documentary|Adventure,A story of archival footage and perilous expedition.
150,Wandering Descent (2016),2016,Crime|Adventure,A story of treasure hunt and prison escape.
151,Midnight Symphony 2 (2003),2003,Crime,A story of undercover detective.
152,Last Descent 4 (2025),2025,Thriller,A story of high-stakes negotiation.
153,Broken Ascension (2004),2004,Animation,A story of talking animals.
154,Distant Horizon 2 (2003),2003,Romance,A story of childhood sweethearts.
155,Hidden Reckoning (2011),2011,Thriller|Drama,A story of coming of age and hidden identity.
156,Last Requiem 3 (2009),2009,Drama,A story of quiet sacrifice.
157,Wandering Requiem 3 (1994),1994,Animation,A story of magical kingdom.
158,Crimson Signal (1985),1985,Crime|Sci-Fi,A story of time-traveling scientist and corrupt officials.
159,Final Requiem 2 (2004),2004,Animation,A story of toy come to life.
160,Crimson Covenant 2 (2004),2004,Adventure|Sci-Fi,A story of uncharted island and colony on Mars.
161,Lost Requiem 2 (2007),2007,Horror,A story of creeping dread.
162,Silent Covenant (2010),2010,Adventure|Sci-Fi,A story of distant galaxy and epic voyage.
163,Distant Descent (1999),1999,Adventure|Animation|Sci-Fi,"A story of young hero's journey, lost city and rogue artificial intelligence."
164,Shattered Descent (1993),1993,Sci-Fi|Crime|Mystery,"A story of organized crime family, first contact and cold case reopened."
165,Silent Requiem 2 (2008),2008,Mystery|Animation,A story of magical kingdom and cold case reopened.
166,Lost Legacy 3 (1997),1997,Romance|Adventure,A story of second chance at love and lost city.
167,Golden Symphony (2015),2015,Fantasy|Sci-Fi|Drama,"A story of difficult choice, first contact and dragon rider."
168,Distant Kingdom 2 (2010),2010,Drama,A story of quiet sacrifice.
169,Lost Horizon (2001),2001,Comedy|Mystery,A story of slapstick disaster and locked-room puzzle.
170,Midnight Signal (2022),2022,Crime|Adventure,A story of corrupt officials and perilous expedition.
171,Hidden Voyage 3 (1986),1986,Crime,A story of prison escape.
172,Midnight Shadow (2025),2025,Romance|Documentary|Horror,"A story of forbidden affair, behind-the-scenes look and sinister entity."
173,Silent Horizon 2 (2004),2004,Drama,A story of broken relationship.
174,Hidden Symphony 2 (2019),2019,Comedy,A story of wisecracking best friend.
175,Midnight Ascension (2019),2019,Animation|Romance,A story of long-distance romance and whimsical adventure.
176,Eternal Voyage (2024),2024,Crime|Comedy,A story of chaotic wedding and corrupt officials.
177,Crimson Kingdom 2 (2008),2008,Horror|Animation,A story of haunted house and toy come to life.
178,Silent Echo (2002),2002,Musical|Crime|Romance,"A story of organized crime family, forbidden affair and rival dance crews."
179,Final Kingdom 3 (1993),1993,Action|Musical|Mystery,"A story of rival dance crews, elite soldier and locked-room puzzle."
180,Final Descent (1994),1994,Horror|War|Musical,"A story of front-line soldiers, aspiring singer and creeping dread."
181,Last Frontier 3 (1986),1986,Sci-Fi|Mystery|Drama,"A story of difficult choice, locked-room puzzle and rogue artificial intelligence."
182,Golden Horizon (1993),1993,Drama,A story of coming of age.
183,Shattered Shadow 2 (2015),2015,Fantasy|Comedy,A story of chaotic wedding and cursed sword.
184,Forgotten Horizon (2018),2018,Fantasy|Horror,A story of isolated cabin and dragon rider.
185,Eternal Echo (2012),2012,Animation,A story of toy come to life.
186,Shattered Symphony 3 (2013),2013,Animation,A story of talking animals.
187,Forgotten Legacy (1989),1989,Romance,A story of second chance at love.
188,Forgotten Reckoning (2005),2005,Documentary|Crime,A story of expert interviews and prison escape.
189,Lost Shadow (1992),1992,Fantasy|Documentary,A story of behind-the-scenes look and portal to another world.
190,Lost Harbor (2014),2014,Animation|Horror,A story of isolated cabin and whimsical adventure.
191,Midnight Signal 2 (2008),2008,Thriller|Romance,A story of conspiracy unravels and unexpected chemistry.
192,Eternal Shadow (1990),1990,Comedy,A story of mistaken identity.
193,Shattered Harbor 2 (1993),1993,Adventure,A story of lost city.
194,Endless Reckoning (2006),2006,Documentary,A story of behind-the-scenes look.
195,Final Covenant (2012),2012,Thriller,A story of high-stakes negotiation.
196,Forgotten Signal 2 (2007),2007,Sci-Fi,A story of distant galaxy.
197,Midnight Voyage 2 (1999),1999,Fantasy|Horror|Drama,"A story of quiet sacrifice, ancient prophecy and sinister entity."
198,Distant Echo (2020),2020,Documentary|Horror,A story of creeping dread and historical reckoning.
199,Golden Horizon 2 (1996),1996,Musical|Crime|Adventure,"A story of aspiring singer, epic voyage and underworld rivalry."
200,Eternal Legacy 3 (2021),2021,Drama,A story of coming of age.
201,Shattered Frontier (1986),1986,Comedy|Drama,A story of coming of age and awkward misunderstanding.
202,Final Legacy (2008),2008,Thriller|Animation,A story of double agent and toy come to life.
203,Broken Legacy (2024),2024,Documentary|Comedy|Action,"A story of untold true story, explosive chase and unlikely roommates."
204,Crimson Echo (2002),2002,Animation|Documentary,A story of historical reckoning and magical kingdom.
205,Golden Frontier 2 (2022),2022,Thriller|Comedy,A story of race against time and slapstick disaster.
206,Lost Requiem 3 (1988),1988,Horror,A story of haunted house.
207,Hidden Descent 2 (1993),1993,Sci-Fi,A story of time-traveling scientist.
208,Silent Voyage (2012),2012,Romance|Comedy,A story of second chance at love and wisecracking best friend.
209,Endless Covenant 2 (2007),2007,Adventure|Horror|Fantasy,"A story of portal to another world, isolated cabin and treasure hunt."
210,Wandering Shadow 2 (2005),2005,Animation,A story of enchanted forest.
211,Shattered Frontier 2 (2011),2011,Documentary|Thriller,A story of archival footage and cat-and-mouse investigation.
212,Broken Descent 2 (2024),2024,Romance,A story of forbidden affair.
213,Eternal Shadow 2 (2000),2000,Comedy|Thriller,A story of mistaken identity and hidden identity.
214,Shattered Harbor 3 (1999),1999,Comedy|Thriller|Sci-Fi,"A story of conspiracy unravels, chaotic wedding and distant galaxy."
215,Final Harbor 3 (1994),1994,Fantasy|Horror|Mystery,"A story of vanishing witness, hidden kingdom and haunted house."
216,Broken Descent 3 (1989),1989,Documentary,A story of investigative journey.
217,Forgotten Descent 2 (2022),2022,Animation|Mystery,A story of whimsical adventure and cold case reopened.
218,Last Voyage 2 (2013),2013,Drama|Animation,A story of coming of age and young hero's journey.
219,Last Signal (2014),2014,Action|Romance|Fantasy,"A story of relentless pursuit, ancient prophecy and star-crossed lovers."
220,Eternal Covenant (1990),1990,Crime,A story of prison escape.
221,Forgotten Reckoning 2 (1987),1987,Fantasy|Thriller|Animation,"A story of toy come to life, hidden identity and cursed sword."
222,Silent Voyage 2 (1991),1991,Animation|Fantasy|Drama,"A story of portal to another world, young hero's journey and family secret."
223,Shattered Voyage 2 (2013),2013,Horror,A story of creeping dread.
224,Final Symphony (2003),2003,Documentary|Drama|Romance,"A story of broken relationship, expert interviews and childhood sweethearts."
225,Last Reckoning 3 (2009),2009,Comedy|Romance,A story of childhood sweethearts and chaotic wedding.
226,Midnight Legacy (2007),2007,Comedy|Documentary,A story of chaotic wedding and behind-the-scenes look.
227,Shattered Shadow 3 (2004),2004,Documentary,A story of historical reckoning.
228,Final Covenant 2 (1993),1993,Crime|Mystery,A story of cold case reopened and underworld rivalry.
229,Silent Harbor (2004),2004,Fantasy|Romance,A story of hidden kingdom and second chance at love.
230,Broken Legacy 2 (1989),1989,Horror|Musical,A story of Broadway dreams and sinister entity.
231,Forgotten Legacy 2 (2023),2023,Musical|Mystery,A story of vanishing witness and big city audition.
232,Shattered Descent 2 (2024),2024,War,A story of battle for survival.
233,Final Frontier 2 (2000),2000,Action|Thriller,A story of relentless pursuit and hidden identity.
234,Hidden Signal 3 (2015),2015,Horror|Fantasy,A story of ancient curse and dragon rider.
235,Distant Echo 2 (2017),2017,Mystery|Sci-Fi,A story of colony on Mars and unreliable narrator.
236,Forgotten Legacy 3 (2001),2001,Mystery,A story of locked-room puzzle.
237,Endless Symphony (1991),1991,War|Romance,A story of long-distance romance and final stand.
238,Broken Signal (2013),2013,Comedy|Mystery,A story of slapstick disaster and vanishing witness.
239,Hidden Covenant 3 (2013),2013,Musical,A story of aspiring singer.
240,Silent Echo 2 (2017),2017,Thriller,A story of double agent.
241,Last Harbor 2 (1999),1999,Thriller,A story of cat-and-mouse investigation.
242,Eternal Ascension (2006),2006,Musical|Comedy,A story of wisecracking best friend and rival dance crews.
243,Crimson Ascension 2 (1993),1993,Musical|War,A story of band on the rise and wartime romance.
244,Golden Kingdom 2 (1994),1994,Action|Comedy|Musical,"A story of elite soldier, unlikely roommates and small-town talent show."
245,Golden Kingdom 3 (2004),2004,Mystery,A story of locked-room puzzle.
246,Lost Frontier 2 (2024),2024,Horror,A story of isolated cabin.
247,Eternal Symphony 2 (2016),2016,Comedy,A story of slapstick disaster.
248,Forgotten Kingdom 2 (1994),1994,Action|Crime|Fantasy,"A story of high-stakes heist, corrupt officials and ancient prophecy."
249,Lost Legacy 4 (1990),1990,Documentary,A story of historical reckoning.
250,Endless Reckoning 2 (2017),2017,Comedy|Fantasy,A story of slapstick disaster and ancient prophecy.
251,Lost Harbor 2 (2001),2001,Action|Crime,A story of daring escape and organized crime family.
252,Hidden Ascension 2 (2025),2025,Romance,A story of star-crossed lovers.
253,Broken Horizon (2007),2007,Adventure|Mystery|Romance,"A story of unexpected chemistry, cryptic clues and lost city."
254,Distant Legacy 3 (1989),1989,Crime|Drama,A story of broken relationship and underworld rivalry.
255,Distant Kingdom 3 (1987),1987,Horror|Action,A story of sinister entity and high-stakes heist.
256,Distant Frontier (1997),1997,Animation|Sci-Fi|Action,"A story of young hero's journey, time-traveling scientist and explosive chase."
257,Final Echo 2 (2010),2010,Comedy|Mystery,A story of unlikely roommates and small-town secret.
258,Shattered Voyage 3 (2008),2008,Drama|Animation,A story of young hero's journey and quiet sacrifice.
259,Forgotten Covenant 2 (1996),1996,Comedy|Thriller,A story of slapstick disaster and double agent.
260,Final Frontier 3 (2003),2003,Comedy,A story of chaotic wedding.
261,Lost Legacy 5 (2013),2013,Documentary|Adventure,A story of survival in the wild and archival footage.
262,Golden Frontier 3 (1988),1988,Documentary|Thriller,A story of untold true story and high-stakes negotiation.
263,Shattered Frontier 3 (1995),1995,Fantasy|Mystery,A story of ancient prophecy and vanishing witness.
264,Last Kingdom 2 (2008),2008,Drama,A story of difficult choice.
265,Forgotten Legacy 4 (2013),2013,Documentary|Action,A story of archival footage and high-stakes heist.
266,Broken Reckoning (2008),2008,Documentary,A story of expert interviews.
267,Hidden Shadow (1986),1986,Crime|Sci-Fi,A story of underworld rivalry and rogue artificial intelligence.
268,Golden Descent 3 (2001),2001,Thriller|Fantasy|Comedy,"A story of high-stakes negotiation, cursed sword and wisecracking best friend."
269,Broken Covenant (1989),1989,Horror|Comedy,A story of isolated cabin and wisecracking best friend.
270,Midnight Covenant 2 (2005),2005,Mystery,A story of cold case reopened.
271,Endless Reckoning 3 (2003),2003,Adventure|Comedy,A story of wisecracking best friend and epic voyage.
272,Last Kingdom 3 (1993),1993,Fantasy|Horror,A story of isolated cabin and hidden kingdom.
273,Final Voyage 2 (2020),2020,Fantasy|Documentary,A story of historical reckoning and hidden kingdom.
274,Lost Ascension (2015),2015,Sci-Fi,A story of dystopian future.
275,Eternal Requiem (1989),1989,Mystery|Thriller,A story of double agent and vanishing witness.
276,Endless Harbor 2 (1993),1993,Animation|Crime,A story of underworld rivalry and enchanted forest.
277,Endless Symphony 2 (1988),1988,Thriller,A story of cat-and-mouse investigation.
278,Broken Harbor (1999),1999,Drama|Sci-Fi|Musical,"A story of aspiring singer, dystopian future and difficult choice."
279,Endless Signal 4 (1993),1993,Crime,A story of underworld rivalry.
280,Last Reckoning 4 (1995),1995,Documentary|Fantasy,A story of mythical creatures and historical reckoning.
281,Forgotten Ascension 2 (2023),2023,Crime,A story of unsolved murder.
282,Last Horizon (2021),2021,Action|War|Musical,"A story of high-stakes heist, final stand and rival dance crews."
283,Wandering Frontier (2019),2019,Crime|Action|Animation,"A story of young hero's journey, unsolved murder and daring escape."
284,Last Ascension (1988),1988,Sci-Fi|Animation,A story of rogue artificial intelligence and whimsical adventure.
285,Final Requiem 3 (1994),1994,Animation|Horror,A story of young hero's journey and possessed doll.
286,Distant Harbor 2 (2017),2017,Thriller|Drama,A story of hidden identity and family secret.
287,Last Signal 2 (2013),2013,Animation,A story of magical kingdom.
288,Silent Signal (2009),2009,Comedy,A story of slapstick disaster.
289,Wandering Legacy 2 (2005),2005,Horror|War,A story of creeping dread and final stand.
290,Broken Voyage (2017),2017,Mystery,A story of small-town secret.
291,Crimson Horizon (1990),1990,Musical|Sci-Fi,A story of big city audition and dystopian future.
292,Forgotten Harbor (1988),1988,Horror,A story of haunted house.
293,Wandering Covenant (2015),2015,Animation|Documentary,A story of historical reckoning and young hero's journey.
294,Broken Symphony 2 (2001),2001,Thriller,A story of high-stakes negotiation.
295,Final Horizon (2010),2010,Mystery|Thriller,A story of hidden identity and locked-room puzzle.
296,Last Echo 3 (2017),2017,Fantasy|Sci-Fi,A story of cursed sword and dystopian future.
297,Broken Shadow (2010),2010,Crime|Documentary|Comedy,"A story of slapstick disaster, unsolved murder and archival footage."
298,Endless Echo (2017),2017,Documentary,A story of untold true story.
299,Broken Ascension 2 (2006),2006,Action,A story of relentless pursuit.
300,Wandering Reckoning 2 (1993),1993,Animation|Drama|Documentary,"A story of archival footage, quiet sacrifice and young hero's journey."
